{"is_source_file": false, "format": "", "description": "", "external_files": [], "external_methods": [], "published": [], "classes": [], "methods": [], "calls": [], "search-terms": [], "state": 2, "file_id": 10, "knowledge_revision": 23, "git_revision": "7a0f5c7d12347f1dd0047c26b0af19b55c348004", "hash": "d2b40d02d5f7873d8a6713bad837edd4", "format-version": 4, "code-base-name": "chess_frontend", "filename": "chess_frontend/public/index.html", "revision_history": [{"23": "7a0f5c7d12347f1dd0047c26b0af19b55c348004"}]}