{"is_source_file": false, "format": "", "description": "", "external_files": [], "external_methods": [], "published": [], "classes": [], "methods": [], "calls": [], "search-terms": [], "state": 2, "file_id": 16, "knowledge_revision": 36, "git_revision": "7a9ea9bd1315aa506601d778701ffcb94eaa54ef", "hash": "67a650f1c5650b36cb563a39ac92b452", "format-version": 4, "code-base-name": "chess_frontend", "filename": "chess_frontend/interfaces/chess_backend_openapi.json", "revision_history": [{"36": "7a9ea9bd1315aa506601d778701ffcb94eaa54ef"}]}