{"is_source_file": false, "format": "", "description": "", "external_files": [], "external_methods": [], "published": [], "classes": [], "methods": [], "calls": [], "search-terms": [], "state": 2, "file_id": 5, "knowledge_revision": 33, "git_revision": "7a0f5c7d12347f1dd0047c26b0af19b55c348004", "hash": "65f8a613b13361a94a527fdc5c332243", "format-version": 4, "code-base-name": "chess_frontend", "filename": "chess_frontend/src/App.css", "revision_history": [{"33": "7a0f5c7d12347f1dd0047c26b0af19b55c348004"}]}