{"is_source_file": false, "format": "", "description": "", "external_files": [], "external_methods": [], "published": [], "classes": [], "methods": [], "calls": [], "search-terms": [], "state": 2, "file_id": 12, "knowledge_revision": 22, "git_revision": "7a0f5c7d12347f1dd0047c26b0af19b55c348004", "hash": "d001d53c059625c4bcf75bf5a7f3fcf0", "format-version": 4, "code-base-name": "chess_frontend", "filename": "chess_frontend/package.json", "revision_history": [{"22": "7a0f5c7d12347f1dd0047c26b0af19b55c348004"}]}