{"is_source_file": true, "format": "JavaScript (React JSX)", "description": "This file defines a React component 'MoveHistory' that displays the history of moves in a chess game, formatted using a helper function 'formatMove'. It relies on external React library and exports the component for use elsewhere.", "external_files": ["react"], "external_methods": [], "published": ["MoveHistory"], "classes": [], "methods": [{"name": "formatMove(item)", "description": "Formats a single move item into a string representation for display.", "scope": "", "scopeKind": ""}, {"name": "MoveHistory({ history })", "description": "React component that renders the list of moves based on the provided 'history' prop.", "scope": "", "scopeKind": ""}], "calls": ["formatMove", "React"], "search-terms": ["MoveHistory", "react", "chess move history", "formatMove", "MoveHistory component"], "state": 2, "file_id": 15, "knowledge_revision": 31, "git_revision": "", "ctags": [{"_type": "tag", "name": "MoveHistory", "path": "/home/kavia/workspace/code-generation/online-chess-platform-214284-214294/chess_frontend/src/components/MoveHistory.js", "pattern": "/^export default function MoveHistory({ history }) {$/", "language": "JavaScript", "kind": "function", "signature": "({ history })"}, {"_type": "tag", "name": "formatMove", "path": "/home/kavia/workspace/code-generation/online-chess-platform-214284-214294/chess_frontend/src/components/MoveHistory.js", "pattern": "/^function formatMove(item) {$/", "language": "JavaScript", "kind": "function", "signature": "(item)"}], "hash": "25e67ab7a7c9ee7db9369a927e95a6be", "format-version": 4, "code-base-name": "chess_frontend", "filename": "chess_frontend/src/components/MoveHistory.js", "revision_history": [{"31": ""}]}