{"is_source_file": false, "format": "", "description": "", "external_files": [], "external_methods": [], "published": [], "classes": [], "methods": [], "calls": [], "search-terms": [], "state": 2, "file_id": 4, "knowledge_revision": 16, "git_revision": "7a0f5c7d12347f1dd0047c26b0af19b55c348004", "hash": "6c2104b8d219ed99234ae2d6329f4357", "format-version": 4, "code-base-name": "chess_frontend", "filename": "chess_frontend/src/index.css", "revision_history": [{"16": "7a0f5c7d12347f1dd0047c26b0af19b55c348004"}]}