{"is_source_file": false, "format": "", "description": "", "external_files": [], "external_methods": [], "published": [], "classes": [], "methods": [], "calls": [], "search-terms": [], "state": 2, "file_id": 2, "knowledge_revision": 15, "git_revision": "7a0f5c7d12347f1dd0047c26b0af19b55c348004", "hash": "be6538e7523bc2e9da0743133d784136", "format-version": 4, "code-base-name": "chess_frontend", "filename": "chess_frontend/eslint.config.mjs", "revision_history": [{"15": "7a0f5c7d12347f1dd0047c26b0af19b55c348004"}]}