{"is_source_file": false, "format": "", "description": "", "external_files": [], "external_methods": [], "published": [], "classes": [], "methods": [], "calls": [], "search-terms": ["CSS Variables", ":root", ".App", ".theme-toggle", "App-logo-spin", "responsive design", "@media"], "state": 2, "file_id": 5, "knowledge_revision": 18, "git_revision": "7a0f5c7d12347f1dd0047c26b0af19b55c348004", "hash": "22f9e17cc1848b56dbb244518ac2707e", "format-version": 4, "code-base-name": "chess_frontend", "filename": "chess_frontend/src/App.css", "revision_history": [{"18": "7a0f5c7d12347f1dd0047c26b0af19b55c348004"}]}