{"is_source_file": true, "format": "JavaScript (React JSX)", "description": "Main React component for the online chess game frontend, managing game state, user interactions, and UI composition.", "external_files": ["./components/ChessBoard", "./components/MoveHistory", "./api/chessApi", "./App.css"], "external_methods": ["getState", "getHistory", "postMove", "restartGame"], "published": ["App"], "classes": [], "methods": [{"name": "boardListToMap(boardList)", "description": "Converts a list of board items into a map keyed by position for efficient lookup.", "scope": "", "scopeKind": ""}, {"name": "oppositeColor(color)", "description": "Returns the opponent's color given a color ('white' or 'black').", "scope": "", "scopeKind": ""}, {"name": "App()", "description": "Main React functional component for the chess application, handling state, effects, and UI rendering.", "scope": "", "scopeKind": ""}], "calls": ["useState", "useCallback", "useEffect", "useMemo", "getState", "getHistory", "postMove", "restartGame"], "search-terms": ["React", "Chess", "ChessBoard", "MoveHistory", "game state management", "API interactions", "chess frontend", "Online Chess App"], "state": 2, "file_id": 7, "knowledge_revision": 32, "git_revision": "7a0f5c7d12347f1dd0047c26b0af19b55c348004", "revision_history": [{"25": "7a0f5c7d12347f1dd0047c26b0af19b55c348004"}, {"32": "7a0f5c7d12347f1dd0047c26b0af19b55c348004"}], "ctags": [{"_type": "tag", "name": "App", "path": "/home/kavia/workspace/code-generation/online-chess-platform-214284-214294/chess_frontend/src/App.js", "pattern": "/^function App() {$/", "language": "JavaScript", "kind": "function", "signature": "()"}, {"_type": "tag", "name": "boardListToMap", "path": "/home/kavia/workspace/code-generation/online-chess-platform-214284-214294/chess_frontend/src/App.js", "pattern": "/^function boardListToMap(boardList) {$/", "language": "JavaScript", "kind": "function", "signature": "(boardList)"}, {"_type": "tag", "name": "oppositeColor", "path": "/home/kavia/workspace/code-generation/online-chess-platform-214284-214294/chess_frontend/src/App.js", "pattern": "/^function oppositeColor(color) {$/", "language": "JavaScript", "kind": "function", "signature": "(color)"}], "hash": "1ca1ba5f06fd5e355f3dd80886ebeb3f", "format-version": 4, "code-base-name": "chess_frontend", "filename": "chess_frontend/src/App.js"}