{"is_source_file": true, "format": "JavaScript", "description": "This file defines functions to interact with a chess game backend API, including fetching game state, move history, submitting moves, and restarting the game. It handles API requests, error parsing, and exports public functions for front-end components.", "external_files": [], "external_methods": ["fetch"], "published": ["getState", "getHistory", "postMove", "restartGame"], "classes": [], "methods": [{"name": "parseErrorPayload(payload)", "description": "Parses the backend error response into a human-readable message.", "scope": "", "scopeKind": ""}, {"name": "request(path, { method = 'GET', body } = {})", "description": "Performs API requests to the backend, handles response parsing and error handling.", "scope": "", "scopeKind": ""}, {"name": "getState()", "description": "Fetches the current game state and turn from the backend.", "scope": "", "scopeKind": ""}, {"name": "getHistory()", "description": "Fetches the move history of the game.", "scope": "", "scopeKind": ""}, {"name": "postMove(move)", "description": "Submits a move to the backend, including optional promotion data.", "scope": "", "scopeKind": ""}, {"name": "restartGame()", "description": "Restarts the game to its initial position.", "scope": "", "scopeKind": ""}], "calls": ["fetch", "parseErrorPayload", "request"], "search-terms": ["chessApi", "fetch", "move", "restart", "game state", "API interaction", "backend"], "state": 2, "file_id": 13, "knowledge_revision": 27, "git_revision": "", "ctags": [{"_type": "tag", "name": "BASE_URL", "path": "/home/kavia/workspace/code-generation/online-chess-platform-214284-214294/chess_frontend/src/api/chessApi.js", "pattern": "/^const BASE_URL = 'http:\\/\\/localhost:3001';$/", "language": "JavaScript", "kind": "constant"}, {"_type": "tag", "name": "getHistory", "path": "/home/kavia/workspace/code-generation/online-chess-platform-214284-214294/chess_frontend/src/api/chessApi.js", "pattern": "/^export async function getHistory() {$/", "language": "JavaScript", "kind": "function", "signature": "()"}, {"_type": "tag", "name": "getState", "path": "/home/kavia/workspace/code-generation/online-chess-platform-214284-214294/chess_frontend/src/api/chessApi.js", "pattern": "/^export async function getState() {$/", "language": "JavaScript", "kind": "function", "signature": "()"}, {"_type": "tag", "name": "parseErrorPayload", "path": "/home/kavia/workspace/code-generation/online-chess-platform-214284-214294/chess_frontend/src/api/chessApi.js", "pattern": "/^function parseErrorPayload(payload) {$/", "language": "JavaScript", "kind": "function", "signature": "(payload)"}, {"_type": "tag", "name": "postMove", "path": "/home/kavia/workspace/code-generation/online-chess-platform-214284-214294/chess_frontend/src/api/chessApi.js", "pattern": "/^export async function postMove(move) {$/", "language": "JavaScript", "kind": "function", "signature": "(move)"}, {"_type": "tag", "name": "request", "path": "/home/kavia/workspace/code-generation/online-chess-platform-214284-214294/chess_frontend/src/api/chessApi.js", "pattern": "/^async function request(path, { method = 'GET', body } = {}) {$/", "language": "JavaScript", "kind": "function", "signature": "(path, { method = 'GET', body } = {})"}, {"_type": "tag", "name": "restartGame", "path": "/home/kavia/workspace/code-generation/online-chess-platform-214284-214294/chess_frontend/src/api/chessApi.js", "pattern": "/^export async function restartGame() {$/", "language": "JavaScript", "kind": "function", "signature": "()"}], "hash": "0a0dd336495cd7e0131c7fbb6d830d63", "format-version": 4, "code-base-name": "chess_frontend", "filename": "chess_frontend/src/api/chessApi.js", "revision_history": [{"27": ""}]}