{"is_source_file": true, "format": "JavaScript (React JSX)", "description": "This file defines a React functional component 'App' that manages a theme toggle between light and dark modes. It includes state management, an effect to apply the theme to the document, and UI elements like a toggle button, logo, and links.", "external_files": ["./logo.svg", "./App.css"], "external_methods": ["React.useState", "React.useEffect"], "published": ["App"], "classes": [], "methods": [{"name": "App()", "description": "React functional component handling theme toggle and rendering UI elements.", "scope": "", "scopeKind": ""}, {"name": "toggleTheme", "description": "Function to toggle theme state between 'light' and 'dark'."}], "calls": ["document.documentElement.setAttribute", "setTheme", "prevTheme => prevTheme === 'light' ? 'dark' : 'light'", "React.useState", "React.useEffect"], "search-terms": ["React theme toggle", "useState hook", "useEffect hook", "App component", "theme management", "React JSX component"], "state": 2, "file_id": 7, "knowledge_revision": 25, "git_revision": "7a0f5c7d12347f1dd0047c26b0af19b55c348004", "ctags": [{"_type": "tag", "name": "App", "path": "/home/kavia/workspace/code-generation/online-chess-platform-214284-214294/chess_frontend/src/App.js", "pattern": "/^function App() {$/", "language": "JavaScript", "kind": "function", "signature": "()"}, {"_type": "tag", "name": "Switch to ${theme === 'light' ? 'dark' : 'light'} mode", "path": "/home/kavia/workspace/code-generation/online-chess-platform-214284-214294/chess_frontend/src/App.js", "pattern": "/^          aria-label={`Switch to ${theme === 'light' ? 'dark' : 'light'} mode`}$/", "language": "JavaScript", "kind": "field", "scope": "App.aria", "scopeKind": "class"}, {"_type": "tag", "name": "toggleTheme", "path": "/home/kavia/workspace/code-generation/online-chess-platform-214284-214294/chess_frontend/src/App.js", "pattern": "/^          onClick={toggleTheme}$/", "language": "JavaScript", "kind": "field", "scope": "App.onClick", "scopeKind": "class"}], "hash": "b55dd9e6a018e59207d8e277dffd9e11", "format-version": 4, "code-base-name": "chess_frontend", "filename": "chess_frontend/src/App.js", "fields": [{"name": "aria-label={`Switch to ${theme === 'light' ? 'dark' : 'light'} mode`}", "scope": "App.aria", "scopeKind": "class", "description": "unavailable"}, {"name": "onClick={toggleTheme}", "scope": "App.onClick", "scopeKind": "class", "description": "unavailable"}], "revision_history": [{"25": "7a0f5c7d12347f1dd0047c26b0af19b55c348004"}]}