{"is_source_file": true, "format": "JavaScript (React)", "description": "This is the main entry point for a React-based frontend application, responsible for rendering the root component into the DOM.", "external_files": ["react", "react-dom/client", "./index.css", "./App"], "external_methods": ["ReactDOM.createRoot", "ReactDOM.render"], "published": [], "classes": [], "methods": [{"name": "root.render", "description": "Renders the React application into the DOM element with id 'root'."}], "calls": ["ReactDOM.createRoot", "root.render", "document.getElementById", "<React.StrictMode>", "<App />"], "search-terms": ["React", "ReactDOM", "index.js", "entry point", "render", "App component"], "state": 2, "file_id": 3, "knowledge_revision": 24, "git_revision": "7a0f5c7d12347f1dd0047c26b0af19b55c348004", "ctags": [{"_type": "tag", "name": "root", "path": "/home/kavia/workspace/code-generation/online-chess-platform-214284-214294/chess_frontend/src/index.js", "pattern": "/^const root = ReactDOM.createRoot(document.getElementById('root'));$/", "language": "JavaScript", "kind": "constant"}], "hash": "9fc5841375336fc175b49f8767a11383", "format-version": 4, "code-base-name": "chess_frontend", "filename": "chess_frontend/src/index.js", "revision_history": [{"24": "7a0f5c7d12347f1dd0047c26b0af19b55c348004"}]}