{"is_source_file": true, "format": "JavaScript (React JSX)", "description": "This file defines a React functional component called ChessBoard that renders an interactive chessboard UI. It displays an 8x8 grid with chess pieces represented by Unicode characters, manages square states such as selection, last move highlights, and handles user clicks.", "external_files": ["react"], "external_methods": [], "published": ["default export function ChessBoard"], "classes": [], "methods": [{"name": "ChessBoard({ boardMap, selectedSquare, fromSquare, lastMove, onSquareClick, disabled, })", "description": "React functional component that renders an interactive chessboard with various visual states, accepting props for board layout, selection, move highlights, and click handling.", "scope": "", "scopeKind": ""}], "calls": ["onSquareClick(square)", "rows.push(...)"], "search-terms": ["ChessBoard", "React", "interactive chessboard", "boardMap", "piece Unicode", "square rendering"], "state": 2, "file_id": 14, "knowledge_revision": 29, "git_revision": "", "ctags": [{"_type": "tag", "name": "ChessBoard", "path": "/home/kavia/workspace/code-generation/online-chess-platform-214284-214294/chess_frontend/src/components/ChessBoard.js", "pattern": "/^export default function ChessBoard({$/", "language": "JavaScript", "kind": "function", "signature": "({ boardMap, selectedSquare, fromSquare, lastMove, onSquareClick, disabled, })"}, {"_type": "tag", "name": "FILES", "path": "/home/kavia/workspace/code-generation/online-chess-platform-214284-214294/chess_frontend/src/components/ChessBoard.js", "pattern": "/^const FILES = ['a', 'b', 'c', 'd', 'e', 'f', 'g', 'h'];$/", "language": "JavaScript", "kind": "constant"}, {"_type": "tag", "name": "PIECE_TO_UNICODE", "path": "/home/kavia/workspace/code-generation/online-chess-platform-214284-214294/chess_frontend/src/components/ChessBoard.js", "pattern": "/^const PIECE_TO_UNICODE = {$/", "language": "JavaScript", "kind": "class"}, {"_type": "tag", "name": "bishop", "path": "/home/kavia/workspace/code-generation/online-chess-platform-214284-214294/chess_frontend/src/components/ChessBoard.js", "pattern": "/^    bishop: '\u2657',$/", "language": "JavaScript", "kind": "property", "scope": "PIECE_TO_UNICODE.white", "scopeKind": "class"}, {"_type": "tag", "name": "bishop", "path": "/home/kavia/workspace/code-generation/online-chess-platform-214284-214294/chess_frontend/src/components/ChessBoard.js", "pattern": "/^    bishop: '\u265d',$/", "language": "JavaScript", "kind": "property", "scope": "PIECE_TO_UNICODE.black", "scopeKind": "class"}, {"_type": "tag", "name": "black", "path": "/home/kavia/workspace/code-generation/online-chess-platform-214284-214294/chess_frontend/src/components/ChessBoard.js", "pattern": "/^  black: {$/", "language": "JavaScript", "kind": "class", "scope": "PIECE_TO_UNICODE", "scopeKind": "class"}, {"_type": "tag", "name": "king", "path": "/home/kavia/workspace/code-generation/online-chess-platform-214284-214294/chess_frontend/src/components/ChessBoard.js", "pattern": "/^    king: '\u2654',$/", "language": "JavaScript", "kind": "property", "scope": "PIECE_TO_UNICODE.white", "scopeKind": "class"}, {"_type": "tag", "name": "king", "path": "/home/kavia/workspace/code-generation/online-chess-platform-214284-214294/chess_frontend/src/components/ChessBoard.js", "pattern": "/^    king: '\u265a',$/", "language": "JavaScript", "kind": "property", "scope": "PIECE_TO_UNICODE.black", "scopeKind": "class"}, {"_type": "tag", "name": "knight", "path": "/home/kavia/workspace/code-generation/online-chess-platform-214284-214294/chess_frontend/src/components/ChessBoard.js", "pattern": "/^    knight: '\u2658',$/", "language": "JavaScript", "kind": "property", "scope": "PIECE_TO_UNICODE.white", "scopeKind": "class"}, {"_type": "tag", "name": "knight", "path": "/home/kavia/workspace/code-generation/online-chess-platform-214284-214294/chess_frontend/src/components/ChessBoard.js", "pattern": "/^    knight: '\u265e',$/", "language": "JavaScript", "kind": "property", "scope": "PIECE_TO_UNICODE.black", "scopeKind": "class"}, {"_type": "tag", "name": "pawn", "path": "/home/kavia/workspace/code-generation/online-chess-platform-214284-214294/chess_frontend/src/components/ChessBoard.js", "pattern": "/^    pawn: '\u2659',$/", "language": "JavaScript", "kind": "property", "scope": "PIECE_TO_UNICODE.white", "scopeKind": "class"}, {"_type": "tag", "name": "pawn", "path": "/home/kavia/workspace/code-generation/online-chess-platform-214284-214294/chess_frontend/src/components/ChessBoard.js", "pattern": "/^    pawn: '\u265f',$/", "language": "JavaScript", "kind": "property", "scope": "PIECE_TO_UNICODE.black", "scopeKind": "class"}, {"_type": "tag", "name": "queen", "path": "/home/kavia/workspace/code-generation/online-chess-platform-214284-214294/chess_frontend/src/components/ChessBoard.js", "pattern": "/^    queen: '\u2655',$/", "language": "JavaScript", "kind": "property", "scope": "PIECE_TO_UNICODE.white", "scopeKind": "class"}, {"_type": "tag", "name": "queen", "path": "/home/kavia/workspace/code-generation/online-chess-platform-214284-214294/chess_frontend/src/components/ChessBoard.js", "pattern": "/^    queen: '\u265b',$/", "language": "JavaScript", "kind": "property", "scope": "PIECE_TO_UNICODE.black", "scopeKind": "class"}, {"_type": "tag", "name": "rook", "path": "/home/kavia/workspace/code-generation/online-chess-platform-214284-214294/chess_frontend/src/components/ChessBoard.js", "pattern": "/^    rook: '\u2656',$/", "language": "JavaScript", "kind": "property", "scope": "PIECE_TO_UNICODE.white", "scopeKind": "class"}, {"_type": "tag", "name": "rook", "path": "/home/kavia/workspace/code-generation/online-chess-platform-214284-214294/chess_frontend/src/components/ChessBoard.js", "pattern": "/^    rook: '\u265c',$/", "language": "JavaScript", "kind": "property", "scope": "PIECE_TO_UNICODE.black", "scopeKind": "class"}, {"_type": "tag", "name": "white", "path": "/home/kavia/workspace/code-generation/online-chess-platform-214284-214294/chess_frontend/src/components/ChessBoard.js", "pattern": "/^  white: {$/", "language": "JavaScript", "kind": "class", "scope": "PIECE_TO_UNICODE", "scopeKind": "class"}], "hash": "db04104c7f30e5f3ab570f8ab8390e4c", "format-version": 4, "code-base-name": "chess_frontend", "filename": "chess_frontend/src/components/ChessBoard.js", "fields": [{"name": "bishop: '\u2657',", "scope": "PIECE_TO_UNICODE.white", "scopeKind": "class", "description": "unavailable"}, {"name": "bishop: '\u265d',", "scope": "PIECE_TO_UNICODE.black", "scopeKind": "class", "description": "unavailable"}, {"name": "king: '\u2654',", "scope": "PIECE_TO_UNICODE.white", "scopeKind": "class", "description": "unavailable"}, {"name": "king: '\u265a',", "scope": "PIECE_TO_UNICODE.black", "scopeKind": "class", "description": "unavailable"}, {"name": "knight: '\u2658',", "scope": "PIECE_TO_UNICODE.white", "scopeKind": "class", "description": "unavailable"}, {"name": "knight: '\u265e',", "scope": "PIECE_TO_UNICODE.black", "scopeKind": "class", "description": "unavailable"}, {"name": "pawn: '\u2659',", "scope": "PIECE_TO_UNICODE.white", "scopeKind": "class", "description": "unavailable"}, {"name": "pawn: '\u265f',", "scope": "PIECE_TO_UNICODE.black", "scopeKind": "class", "description": "unavailable"}, {"name": "queen: '\u2655',", "scope": "PIECE_TO_UNICODE.white", "scopeKind": "class", "description": "unavailable"}, {"name": "queen: '\u265b',", "scope": "PIECE_TO_UNICODE.black", "scopeKind": "class", "description": "unavailable"}, {"name": "rook: '\u2656',", "scope": "PIECE_TO_UNICODE.white", "scopeKind": "class", "description": "unavailable"}, {"name": "rook: '\u265c',", "scope": "PIECE_TO_UNICODE.black", "scopeKind": "class", "description": "unavailable"}], "revision_history": [{"29": ""}]}