{"is_source_file": false, "format": "", "description": "", "external_files": [], "external_methods": [], "published": [], "classes": [], "methods": [], "calls": [], "search-terms": [], "state": 2, "file_id": 9, "knowledge_revision": 20, "git_revision": "7a0f5c7d12347f1dd0047c26b0af19b55c348004", "hash": "ebece526bc2eadd78ddd787a76c56607", "format-version": 4, "code-base-name": "chess_frontend", "filename": "chess_frontend/README.md", "revision_history": [{"20": "7a0f5c7d12347f1dd0047c26b0af19b55c348004"}]}