{"is_source_file": false, "format": "", "description": "", "external_files": [], "external_methods": [], "published": [], "classes": [], "methods": [], "calls": [], "search-terms": [], "state": 2, "file_id": 6, "knowledge_revision": 19, "git_revision": "7a0f5c7d12347f1dd0047c26b0af19b55c348004", "ctags": [], "hash": "1a77571e1a8cf36018a41bcedf60db75", "format-version": 4, "code-base-name": "chess_frontend", "filename": "chess_frontend/src/setupTests.js", "revision_history": [{"19": "7a0f5c7d12347f1dd0047c26b0af19b55c348004"}]}