{"is_source_file": true, "format": "JavaScript", "description": "This file provides API functions for interacting with a backend chess game server, including fetching game state, move history, submitting moves, and restarting the game.", "external_files": ["fetch (built-in browser API)"], "external_methods": ["fetch"], "published": ["getState", "getHistory", "postMove", "restartGame"], "classes": [], "methods": [{"name": "parseErrorPayload(payload)", "description": "Parses various backend error response formats into a human-readable message.", "scope": "", "scopeKind": ""}, {"name": "request(path, { method = 'GET', body } = {})", "description": "Performs an HTTP request to the backend API with error handling and response parsing.", "scope": "", "scopeKind": ""}, {"name": "getState()", "description": "Fetches the current game state from the backend.", "scope": "", "scopeKind": ""}, {"name": "getHistory()", "description": "Fetches the move history from the backend.", "scope": "", "scopeKind": ""}, {"name": "postMove(move)", "description": "Submits a move to the backend API.", "scope": "", "scopeKind": ""}, {"name": "restartGame()", "description": "Restarts the game to the initial position via the backend.", "scope": "", "scopeKind": ""}], "calls": ["fetch", "parseErrorPayload", "request", "getState", "getHistory", "postMove", "restartGame"], "search-terms": ["chessApi", "API functions", "backend URL", "move submission", "game state", "move history", "restart", "error parsing"], "state": 2, "file_id": 13, "knowledge_revision": 37, "git_revision": "9bad8c0d3061e5e32231fd3f50f6d21e6cb556e8", "revision_history": [{"27": ""}, {"37": "9bad8c0d3061e5e32231fd3f50f6d21e6cb556e8"}], "ctags": [{"_type": "tag", "name": "BASE_URL", "path": "/home/kavia/workspace/code-generation/online-chess-platform-214284-214294/chess_frontend/src/api/chessApi.js", "pattern": "/^const BASE_URL = RAW_BASE_URL.replace(\\/\\\\\\/+$\\/, '');$/", "language": "JavaScript", "kind": "constant"}, {"_type": "tag", "name": "RAW_BASE_URL", "path": "/home/kavia/workspace/code-generation/online-chess-platform-214284-214294/chess_frontend/src/api/chessApi.js", "pattern": "/^const RAW_BASE_URL = process.env.REACT_APP_API_BASE || process.env.REACT_APP_BACKEND_URL || 'htt/", "language": "JavaScript", "kind": "constant"}, {"_type": "tag", "name": "getHistory", "path": "/home/kavia/workspace/code-generation/online-chess-platform-214284-214294/chess_frontend/src/api/chessApi.js", "pattern": "/^export async function getHistory() {$/", "language": "JavaScript", "kind": "function", "signature": "()"}, {"_type": "tag", "name": "getState", "path": "/home/kavia/workspace/code-generation/online-chess-platform-214284-214294/chess_frontend/src/api/chessApi.js", "pattern": "/^export async function getState() {$/", "language": "JavaScript", "kind": "function", "signature": "()"}, {"_type": "tag", "name": "parseErrorPayload", "path": "/home/kavia/workspace/code-generation/online-chess-platform-214284-214294/chess_frontend/src/api/chessApi.js", "pattern": "/^function parseErrorPayload(payload) {$/", "language": "JavaScript", "kind": "function", "signature": "(payload)"}, {"_type": "tag", "name": "postMove", "path": "/home/kavia/workspace/code-generation/online-chess-platform-214284-214294/chess_frontend/src/api/chessApi.js", "pattern": "/^export async function postMove(move) {$/", "language": "JavaScript", "kind": "function", "signature": "(move)"}, {"_type": "tag", "name": "request", "path": "/home/kavia/workspace/code-generation/online-chess-platform-214284-214294/chess_frontend/src/api/chessApi.js", "pattern": "/^async function request(path, { method = 'GET', body } = {}) {$/", "language": "JavaScript", "kind": "function", "signature": "(path, { method = 'GET', body } = {})"}, {"_type": "tag", "name": "restartGame", "path": "/home/kavia/workspace/code-generation/online-chess-platform-214284-214294/chess_frontend/src/api/chessApi.js", "pattern": "/^export async function restartGame() {$/", "language": "JavaScript", "kind": "function", "signature": "()"}], "hash": "425dadb0722836d1eaee71eb85c72c12", "format-version": 4, "code-base-name": "chess_frontend", "filename": "chess_frontend/src/api/chessApi.js"}