{"is_source_file": false, "format": null, "description": "", "external_files": [], "external_methods": [], "published": [], "classes": [], "methods": [], "calls": [], "search-terms": ["manifest.json", "create react app", "icons", "theme_color", "background_color"], "state": 2, "file_id": 11, "knowledge_revision": 21, "git_revision": "7a0f5c7d12347f1dd0047c26b0af19b55c348004", "hash": "d9d975cebe2ec20b6c652e1e4c12ccf0", "format-version": 4, "code-base-name": "chess_frontend", "filename": "chess_frontend/public/manifest.json", "revision_history": [{"21": "7a0f5c7d12347f1dd0047c26b0af19b55c348004"}]}